{
  "embedding_dim": 32,
  "mlp_layer_sizes": [
    64,
    32,
    16
  ],
  "num_users_ml": 610,
  "num_items_ml": 9724,
  "num_users_amazon": 192403,
  "num_items_amazon": 63001,
  "fed_rmse_ml": [
    3.5183305290448317,
    3.3970251195841836,
    3.217926216261147,
    2.931826367679322,
    2.537961468758073
  ],
  "fed_rmse_amazon": [
    4.455276772478312,
    4.4241702320120195,
    4.392833222291972,
    4.361186208436108,
    4.329047480029595
  ],
  "dp_rmse_ml": [
    3.6307409143027534,
    3.5459810046156783,
    3.263776338048036,
    2.8744252501141254,
    2.361753262978419
  ],
  "dp_rmse_amazon": [
    4.664403139387559,
    4.620724738277924,
    4.6306791749128635,
    4.625760814877384,
    4.592626525099537
  ]
}